timestamp,variant,size,nx,nz,sim_time,nodes,ranks,threads_per_rank,total_cores,gpus,run_id,wall_time_s,d_mass,d_te,passed,raw_log
2026-05-31T19:01:46+08:00,serial,easy,1000,500,20,1,1,1,1,0,1,76.4937,-1.074292e-14,-5.822498e-05,true,/work/u6940591/miniWeather-bench/logs/runs/serial_easy_n1_r1_t1_g0_rep1.out
2026-05-31T19:03:05+08:00,serial,easy,1000,500,20,1,1,1,1,0,2,76.2715,-1.074292e-14,-5.822498e-05,true,/work/u6940591/miniWeather-bench/logs/runs/serial_easy_n1_r1_t1_g0_rep2.out
2026-05-31T19:04:23+08:00,serial,easy,1000,500,20,1,1,1,1,0,3,76.2821,-1.074292e-14,-5.822498e-05,true,/work/u6940591/miniWeather-bench/logs/runs/serial_easy_n1_r1_t1_g0_rep3.out
2026-05-31T19:06:02+08:00,openmp,easy,1000,500,20,1,1,1,1,0,1,82.5655,-1.074292e-14,-5.822498e-05,true,/work/u6940591/miniWeather-bench/logs/runs/openmp_easy_n1_r1_t1_g0_rep1.out
2026-05-31T19:07:26+08:00,openmp,easy,1000,500,20,1,1,1,1,0,2,82.0265,-1.074292e-14,-5.822498e-05,true,/work/u6940591/miniWeather-bench/logs/runs/openmp_easy_n1_r1_t1_g0_rep2.out
2026-05-31T19:08:50+08:00,openmp,easy,1000,500,20,1,1,1,1,0,3,81.9035,-1.074292e-14,-5.822498e-05,true,/work/u6940591/miniWeather-bench/logs/runs/openmp_easy_n1_r1_t1_g0_rep3.out
2026-05-31T19:09:35+08:00,openmp,easy,1000,500,20,1,1,2,2,0,1,41.6495,-6.523883e-14,-5.822498e-05,true,/work/u6940591/miniWeather-bench/logs/runs/openmp_easy_n1_r1_t2_g0_rep1.out
2026-05-31T19:10:18+08:00,openmp,easy,1000,500,20,1,1,2,2,0,2,41.5286,-6.523883e-14,-5.822498e-05,true,/work/u6940591/miniWeather-bench/logs/runs/openmp_easy_n1_r1_t2_g0_rep2.out
2026-05-31T19:11:02+08:00,openmp,easy,1000,500,20,1,1,2,2,0,3,41.2699,-6.523883e-14,-5.822498e-05,true,/work/u6940591/miniWeather-bench/logs/runs/openmp_easy_n1_r1_t2_g0_rep3.out
2026-05-31T19:11:25+08:00,openmp,easy,1000,500,20,1,1,4,4,0,1,21.0701,2.668151e-13,-5.822498e-05,true,/work/u6940591/miniWeather-bench/logs/runs/openmp_easy_n1_r1_t4_g0_rep1.out
2026-05-31T19:11:47+08:00,openmp,easy,1000,500,20,1,1,4,4,0,2,21.0884,2.668151e-13,-5.822498e-05,true,/work/u6940591/miniWeather-bench/logs/runs/openmp_easy_n1_r1_t4_g0_rep2.out
2026-05-31T19:12:10+08:00,openmp,easy,1000,500,20,1,1,4,4,0,3,21.1304,2.668151e-13,-5.822498e-05,true,/work/u6940591/miniWeather-bench/logs/runs/openmp_easy_n1_r1_t4_g0_rep3.out
2026-05-31T19:12:22+08:00,openmp,easy,1000,500,20,1,1,8,8,0,1,10.7572,7.852099e-14,-5.822498e-05,true,/work/u6940591/miniWeather-bench/logs/runs/openmp_easy_n1_r1_t8_g0_rep1.out
2026-05-31T19:12:35+08:00,openmp,easy,1000,500,20,1,1,8,8,0,2,10.7738,7.852099e-14,-5.822498e-05,true,/work/u6940591/miniWeather-bench/logs/runs/openmp_easy_n1_r1_t8_g0_rep2.out
2026-05-31T19:12:47+08:00,openmp,easy,1000,500,20,1,1,8,8,0,3,10.7587,7.852099e-14,-5.822498e-05,true,/work/u6940591/miniWeather-bench/logs/runs/openmp_easy_n1_r1_t8_g0_rep3.out
2026-05-31T19:12:54+08:00,openmp,easy,1000,500,20,1,1,16,16,0,1,5.81338,-4.492495e-15,-5.822498e-05,true,/work/u6940591/miniWeather-bench/logs/runs/openmp_easy_n1_r1_t16_g0_rep1.out
2026-05-31T19:13:01+08:00,openmp,easy,1000,500,20,1,1,16,16,0,2,5.81051,-4.687820e-15,-5.822498e-05,true,/work/u6940591/miniWeather-bench/logs/runs/openmp_easy_n1_r1_t16_g0_rep2.out
2026-05-31T19:13:09+08:00,openmp,easy,1000,500,20,1,1,16,16,0,3,5.82691,-4.492495e-15,-5.822498e-05,true,/work/u6940591/miniWeather-bench/logs/runs/openmp_easy_n1_r1_t16_g0_rep3.out
2026-05-31T19:13:13+08:00,openmp,easy,1000,500,20,1,1,32,32,0,1,3.1178,2.695497e-14,-5.822498e-05,true,/work/u6940591/miniWeather-bench/logs/runs/openmp_easy_n1_r1_t32_g0_rep1.out
2026-05-31T19:13:18+08:00,openmp,easy,1000,500,20,1,1,32,32,0,2,3.10195,2.695497e-14,-5.822498e-05,true,/work/u6940591/miniWeather-bench/logs/runs/openmp_easy_n1_r1_t32_g0_rep2.out
2026-05-31T19:13:22+08:00,openmp,easy,1000,500,20,1,1,32,32,0,3,3.06295,2.675964e-14,-5.822498e-05,true,/work/u6940591/miniWeather-bench/logs/runs/openmp_easy_n1_r1_t32_g0_rep3.out
2026-05-31T19:15:02+08:00,mpi,easy,1000,500,20,1,1,1,1,0,1,76.3157,-1.074292e-14,-5.822498e-05,true,/work/u6940591/miniWeather-bench/logs/runs/mpi_easy_n1_r1_t1_g0_rep1.out
2026-05-31T19:16:20+08:00,mpi,easy,1000,500,20,1,1,1,1,0,2,76.1947,-1.074292e-14,-5.822498e-05,true,/work/u6940591/miniWeather-bench/logs/runs/mpi_easy_n1_r1_t1_g0_rep2.out
2026-05-31T19:17:39+08:00,mpi,easy,1000,500,20,1,1,1,1,0,3,76.4124,-1.074292e-14,-5.822498e-05,true,/work/u6940591/miniWeather-bench/logs/runs/mpi_easy_n1_r1_t1_g0_rep3.out
2026-05-31T19:18:19+08:00,mpi,easy,1000,500,20,1,2,1,2,0,1,37.5696,1.896614e-13,-5.822498e-05,true,/work/u6940591/miniWeather-bench/logs/runs/mpi_easy_n1_r2_t1_g0_rep1.out
2026-05-31T19:18:58+08:00,mpi,easy,1000,500,20,1,2,1,2,0,2,37.7247,1.896614e-13,-5.822498e-05,true,/work/u6940591/miniWeather-bench/logs/runs/mpi_easy_n1_r2_t1_g0_rep2.out
2026-05-31T19:19:38+08:00,mpi,easy,1000,500,20,1,2,1,2,0,3,37.6302,1.896614e-13,-5.822498e-05,true,/work/u6940591/miniWeather-bench/logs/runs/mpi_easy_n1_r2_t1_g0_rep3.out
2026-05-31T19:19:59+08:00,mpi,easy,1000,500,20,1,4,1,4,0,1,18.9712,7.031731e-15,-5.822498e-05,true,/work/u6940591/miniWeather-bench/logs/runs/mpi_easy_n1_r4_t1_g0_rep1.out
2026-05-31T19:20:19+08:00,mpi,easy,1000,500,20,1,4,1,4,0,2,18.9758,7.031731e-15,-5.822498e-05,true,/work/u6940591/miniWeather-bench/logs/runs/mpi_easy_n1_r4_t1_g0_rep2.out
2026-05-31T19:20:40+08:00,mpi,easy,1000,500,20,1,4,1,4,0,3,19.0357,7.031731e-15,-5.822498e-05,true,/work/u6940591/miniWeather-bench/logs/runs/mpi_easy_n1_r4_t1_g0_rep3.out
2026-05-31T19:20:51+08:00,mpi,easy,1000,500,20,1,8,1,8,0,1,9.74599,-5.976971e-14,-5.822498e-05,true,/work/u6940591/miniWeather-bench/logs/runs/mpi_easy_n1_r8_t1_g0_rep1.out
2026-05-31T19:21:03+08:00,mpi,easy,1000,500,20,1,8,1,8,0,2,9.7258,-5.976971e-14,-5.822498e-05,true,/work/u6940591/miniWeather-bench/logs/runs/mpi_easy_n1_r8_t1_g0_rep2.out
2026-05-31T19:21:15+08:00,mpi,easy,1000,500,20,1,8,1,8,0,3,9.75513,-5.976971e-14,-5.822498e-05,true,/work/u6940591/miniWeather-bench/logs/runs/mpi_easy_n1_r8_t1_g0_rep3.out
2026-05-31T19:21:22+08:00,mpi,easy,1000,500,20,1,16,1,16,0,1,5.03577,2.402508e-14,-5.822498e-05,true,/work/u6940591/miniWeather-bench/logs/runs/mpi_easy_n1_r16_t1_g0_rep1.out
2026-05-31T19:21:29+08:00,mpi,easy,1000,500,20,1,16,1,16,0,2,5.03826,2.402508e-14,-5.822498e-05,true,/work/u6940591/miniWeather-bench/logs/runs/mpi_easy_n1_r16_t1_g0_rep2.out
2026-05-31T19:21:37+08:00,mpi,easy,1000,500,20,1,16,1,16,0,3,5.04006,2.402508e-14,-5.822498e-05,true,/work/u6940591/miniWeather-bench/logs/runs/mpi_easy_n1_r16_t1_g0_rep3.out
2026-05-31T19:21:42+08:00,mpi,easy,1000,500,20,1,32,1,32,0,1,2.67515,2.617366e-14,-5.822498e-05,true,/work/u6940591/miniWeather-bench/logs/runs/mpi_easy_n1_r32_t1_g0_rep1.out
2026-05-31T19:21:55+08:00,mpi,easy,1000,500,20,1,32,1,32,0,2,2.75261,2.617366e-14,-5.822498e-05,true,/work/u6940591/miniWeather-bench/logs/runs/mpi_easy_n1_r32_t1_g0_rep2.out
2026-05-31T19:22:01+08:00,mpi,easy,1000,500,20,1,32,1,32,0,3,2.65514,2.617366e-14,-5.822498e-05,true,/work/u6940591/miniWeather-bench/logs/runs/mpi_easy_n1_r32_t1_g0_rep3.out
2026-05-31T19:22:53+08:00,hybrid,easy,1000,500,20,1,2,16,32,0,1,2.95646,-1.679802e-14,-5.822498e-05,true,/work/u6940591/miniWeather-bench/logs/runs/hybrid_easy_n1_r2_t16_g0_rep1.out
2026-05-31T19:22:57+08:00,hybrid,easy,1000,500,20,1,2,16,32,0,2,2.89783,-1.679802e-14,-5.822498e-05,true,/work/u6940591/miniWeather-bench/logs/runs/hybrid_easy_n1_r2_t16_g0_rep2.out
2026-05-31T19:23:01+08:00,hybrid,easy,1000,500,20,1,2,16,32,0,3,2.86472,-1.679802e-14,-5.822498e-05,true,/work/u6940591/miniWeather-bench/logs/runs/hybrid_easy_n1_r2_t16_g0_rep3.out
2026-05-31T19:23:06+08:00,hybrid,easy,1000,500,20,1,4,8,32,0,1,2.84862,2.070454e-14,-5.822498e-05,true,/work/u6940591/miniWeather-bench/logs/runs/hybrid_easy_n1_r4_t8_g0_rep1.out
2026-05-31T19:23:10+08:00,hybrid,easy,1000,500,20,1,4,8,32,0,2,2.84833,2.070454e-14,-5.822498e-05,true,/work/u6940591/miniWeather-bench/logs/runs/hybrid_easy_n1_r4_t8_g0_rep2.out
2026-05-31T19:23:18+08:00,hybrid,easy,1000,500,20,1,4,8,32,0,3,2.8396,2.070454e-14,-5.822498e-05,true,/work/u6940591/miniWeather-bench/logs/runs/hybrid_easy_n1_r4_t8_g0_rep3.out
2026-05-31T19:23:22+08:00,hybrid,easy,1000,500,20,1,8,4,32,0,1,2.87017,-1.113357e-14,-5.822498e-05,true,/work/u6940591/miniWeather-bench/logs/runs/hybrid_easy_n1_r8_t4_g0_rep1.out
2026-05-31T19:23:27+08:00,hybrid,easy,1000,500,20,1,8,4,32,0,2,2.84112,-1.113357e-14,-5.822498e-05,true,/work/u6940591/miniWeather-bench/logs/runs/hybrid_easy_n1_r8_t4_g0_rep2.out
2026-05-31T19:23:31+08:00,hybrid,easy,1000,500,20,1,8,4,32,0,3,2.83997,-1.113357e-14,-5.822498e-05,true,/work/u6940591/miniWeather-bench/logs/runs/hybrid_easy_n1_r8_t4_g0_rep3.out
2026-05-31T19:23:36+08:00,hybrid,easy,1000,500,20,1,16,2,32,0,1,2.78838,1.640737e-14,-5.822498e-05,true,/work/u6940591/miniWeather-bench/logs/runs/hybrid_easy_n1_r16_t2_g0_rep1.out
2026-05-31T19:23:41+08:00,hybrid,easy,1000,500,20,1,16,2,32,0,2,2.79947,1.640737e-14,-5.822498e-05,true,/work/u6940591/miniWeather-bench/logs/runs/hybrid_easy_n1_r16_t2_g0_rep2.out
2026-05-31T19:23:46+08:00,hybrid,easy,1000,500,20,1,16,2,32,0,3,2.78564,1.640737e-14,-5.822498e-05,true,/work/u6940591/miniWeather-bench/logs/runs/hybrid_easy_n1_r16_t2_g0_rep3.out
2026-05-31T19:29:13+08:00,serial,medium,1600,800,20,1,1,1,1,0,1,318.096,5.224966e-13,-5.822453e-05,true,/work/u6940591/miniWeather-bench/logs/runs/serial_medium_n1_r1_t1_g0_rep1.out
2026-05-31T19:34:34+08:00,serial,medium,1600,800,20,1,1,1,1,0,2,317.874,5.224966e-13,-5.822453e-05,true,/work/u6940591/miniWeather-bench/logs/runs/serial_medium_n1_r1_t1_g0_rep2.out
2026-05-31T19:39:57+08:00,serial,medium,1600,800,20,1,1,1,1,0,3,319.847,5.224966e-13,-5.822453e-05,true,/work/u6940591/miniWeather-bench/logs/runs/serial_medium_n1_r1_t1_g0_rep3.out
2026-05-31T19:46:41+08:00,openmp,medium,1600,800,20,1,1,1,1,0,1,339.831,5.224966e-13,-5.822453e-05,true,/work/u6940591/miniWeather-bench/logs/runs/openmp_medium_n1_r1_t1_g0_rep1.out
2026-05-31T19:52:24+08:00,openmp,medium,1600,800,20,1,1,1,1,0,2,NaN,5.224966e-13,-5.822453e-05,true,/work/u6940591/miniWeather-bench/logs/runs/openmp_medium_n1_r1_t1_g0_rep2.out
2026-05-31T19:58:07+08:00,openmp,medium,1600,800,20,1,1,1,1,0,3,339.666,5.224966e-13,-5.822453e-05,true,/work/u6940591/miniWeather-bench/logs/runs/openmp_medium_n1_r1_t1_g0_rep3.out
2026-05-31T20:01:02+08:00,openmp,medium,1600,800,20,1,1,2,2,0,1,171.993,4.158487e-13,-5.822453e-05,true,/work/u6940591/miniWeather-bench/logs/runs/openmp_medium_n1_r1_t2_g0_rep1.out
2026-05-31T20:03:55+08:00,openmp,medium,1600,800,20,1,1,2,2,0,2,171.248,4.158487e-13,-5.822453e-05,true,/work/u6940591/miniWeather-bench/logs/runs/openmp_medium_n1_r1_t2_g0_rep2.out
2026-05-31T20:06:49+08:00,openmp,medium,1600,800,20,1,1,2,2,0,3,171.697,4.158487e-13,-5.822453e-05,true,/work/u6940591/miniWeather-bench/logs/runs/openmp_medium_n1_r1_t2_g0_rep3.out
2026-05-31T20:08:19+08:00,openmp,medium,1600,800,20,1,1,4,4,0,1,87.8082,-4.041292e-13,-5.822453e-05,true,/work/u6940591/miniWeather-bench/logs/runs/openmp_medium_n1_r1_t4_g0_rep1.out
2026-05-31T20:09:49+08:00,openmp,medium,1600,800,20,1,1,4,4,0,2,88.1428,-4.041292e-13,-5.822453e-05,true,/work/u6940591/miniWeather-bench/logs/runs/openmp_medium_n1_r1_t4_g0_rep2.out
2026-05-31T20:11:19+08:00,openmp,medium,1600,800,20,1,1,4,4,0,3,87.7646,-4.041292e-13,-5.822453e-05,true,/work/u6940591/miniWeather-bench/logs/runs/openmp_medium_n1_r1_t4_g0_rep3.out
2026-05-31T20:12:06+08:00,openmp,medium,1600,800,20,1,1,8,8,0,1,45.423,-3.183811e-14,-5.822453e-05,true,/work/u6940591/miniWeather-bench/logs/runs/openmp_medium_n1_r1_t8_g0_rep1.out
2026-05-31T20:12:53+08:00,openmp,medium,1600,800,20,1,1,8,8,0,2,45.4093,-3.183811e-14,-5.822453e-05,true,/work/u6940591/miniWeather-bench/logs/runs/openmp_medium_n1_r1_t8_g0_rep2.out
2026-05-31T20:13:40+08:00,openmp,medium,1600,800,20,1,1,8,8,0,3,45.3871,-3.183811e-14,-5.822453e-05,true,/work/u6940591/miniWeather-bench/logs/runs/openmp_medium_n1_r1_t8_g0_rep3.out
2026-05-31T20:14:07+08:00,openmp,medium,1600,800,20,1,1,16,16,0,1,26.0479,-4.883146e-15,-5.822453e-05,true,/work/u6940591/miniWeather-bench/logs/runs/openmp_medium_n1_r1_t16_g0_rep1.out
2026-05-31T20:14:35+08:00,openmp,medium,1600,800,20,1,1,16,16,0,2,25.9538,-5.273798e-15,-5.822453e-05,true,/work/u6940591/miniWeather-bench/logs/runs/openmp_medium_n1_r1_t16_g0_rep2.out
2026-05-31T20:15:02+08:00,openmp,medium,1600,800,20,1,1,16,16,0,3,25.9295,-5.078472e-15,-5.822453e-05,true,/work/u6940591/miniWeather-bench/logs/runs/openmp_medium_n1_r1_t16_g0_rep3.out
2026-05-31T20:15:18+08:00,openmp,medium,1600,800,20,1,1,32,32,0,1,13.9438,-4.140908e-14,-5.822453e-05,true,/work/u6940591/miniWeather-bench/logs/runs/openmp_medium_n1_r1_t32_g0_rep1.out
2026-05-31T20:15:34+08:00,openmp,medium,1600,800,20,1,1,32,32,0,2,13.9502,-4.179973e-14,-5.822453e-05,true,/work/u6940591/miniWeather-bench/logs/runs/openmp_medium_n1_r1_t32_g0_rep2.out
2026-05-31T20:15:52+08:00,openmp,medium,1600,800,20,1,1,32,32,0,3,14.0264,-4.121375e-14,-5.822453e-05,true,/work/u6940591/miniWeather-bench/logs/runs/openmp_medium_n1_r1_t32_g0_rep3.out
2026-05-31T20:21:28+08:00,mpi,medium,1600,800,20,1,1,1,1,0,1,318.869,5.224966e-13,-5.822453e-05,true,/work/u6940591/miniWeather-bench/logs/runs/mpi_medium_n1_r1_t1_g0_rep1.out
2026-05-31T20:26:49+08:00,mpi,medium,1600,800,20,1,1,1,1,0,2,317.777,5.224966e-13,-5.822453e-05,true,/work/u6940591/miniWeather-bench/logs/runs/mpi_medium_n1_r1_t1_g0_rep2.out
2026-05-31T20:32:10+08:00,mpi,medium,1600,800,20,1,1,1,1,0,3,317.837,5.224966e-13,-5.822453e-05,true,/work/u6940591/miniWeather-bench/logs/runs/mpi_medium_n1_r1_t1_g0_rep3.out
2026-05-31T20:34:50+08:00,mpi,medium,1600,800,20,1,2,1,2,0,1,158.089,-2.793160e-14,-5.822453e-05,true,/work/u6940591/miniWeather-bench/logs/runs/mpi_medium_n1_r2_t1_g0_rep1.out
2026-05-31T20:37:30+08:00,mpi,medium,1600,800,20,1,2,1,2,0,2,157.624,-2.793160e-14,-5.822453e-05,true,/work/u6940591/miniWeather-bench/logs/runs/mpi_medium_n1_r2_t1_g0_rep2.out
2026-05-31T20:40:11+08:00,mpi,medium,1600,800,20,1,2,1,2,0,3,158.065,-2.793160e-14,-5.822453e-05,true,/work/u6940591/miniWeather-bench/logs/runs/mpi_medium_n1_r2_t1_g0_rep3.out
2026-05-31T20:41:33+08:00,mpi,medium,1600,800,20,1,4,1,4,0,1,80.5943,3.941675e-13,-5.822453e-05,true,/work/u6940591/miniWeather-bench/logs/runs/mpi_medium_n1_r4_t1_g0_rep1.out
2026-05-31T20:42:56+08:00,mpi,medium,1600,800,20,1,4,1,4,0,2,80.4237,3.941675e-13,-5.822453e-05,true,/work/u6940591/miniWeather-bench/logs/runs/mpi_medium_n1_r4_t1_g0_rep2.out
2026-05-31T20:44:32+08:00,mpi,medium,1600,800,20,1,4,1,4,0,3,80.2908,3.941675e-13,-5.822453e-05,true,/work/u6940591/miniWeather-bench/logs/runs/mpi_medium_n1_r4_t1_g0_rep3.out
2026-05-31T20:45:14+08:00,mpi,medium,1600,800,20,1,8,1,8,0,1,40.9176,-1.002022e-13,-5.822453e-05,true,/work/u6940591/miniWeather-bench/logs/runs/mpi_medium_n1_r8_t1_g0_rep1.out
2026-05-31T20:45:58+08:00,mpi,medium,1600,800,20,1,8,1,8,0,2,40.9269,-1.002022e-13,-5.822453e-05,true,/work/u6940591/miniWeather-bench/logs/runs/mpi_medium_n1_r8_t1_g0_rep2.out
2026-05-31T20:46:41+08:00,mpi,medium,1600,800,20,1,8,1,8,0,3,40.9082,-1.002022e-13,-5.822453e-05,true,/work/u6940591/miniWeather-bench/logs/runs/mpi_medium_n1_r8_t1_g0_rep3.out
2026-05-31T20:47:04+08:00,mpi,medium,1600,800,20,1,16,1,16,0,1,21.1625,-1.464944e-14,-5.822453e-05,true,/work/u6940591/miniWeather-bench/logs/runs/mpi_medium_n1_r16_t1_g0_rep1.out
2026-05-31T20:47:28+08:00,mpi,medium,1600,800,20,1,16,1,16,0,2,21.1475,-1.464944e-14,-5.822453e-05,true,/work/u6940591/miniWeather-bench/logs/runs/mpi_medium_n1_r16_t1_g0_rep2.out
2026-05-31T20:47:52+08:00,mpi,medium,1600,800,20,1,16,1,16,0,3,21.0854,-1.464944e-14,-5.822453e-05,true,/work/u6940591/miniWeather-bench/logs/runs/mpi_medium_n1_r16_t1_g0_rep3.out
2026-05-31T20:48:06+08:00,mpi,medium,1600,800,20,1,32,1,32,0,1,11.2675,-1.308683e-14,-5.822453e-05,true,/work/u6940591/miniWeather-bench/logs/runs/mpi_medium_n1_r32_t1_g0_rep1.out
2026-05-31T20:48:21+08:00,mpi,medium,1600,800,20,1,32,1,32,0,2,11.2846,-1.308683e-14,-5.822453e-05,true,/work/u6940591/miniWeather-bench/logs/runs/mpi_medium_n1_r32_t1_g0_rep2.out
2026-05-31T20:48:35+08:00,mpi,medium,1600,800,20,1,32,1,32,0,3,11.1525,-1.308683e-14,-5.822453e-05,true,/work/u6940591/miniWeather-bench/logs/runs/mpi_medium_n1_r32_t1_g0_rep3.out
2026-05-31T20:49:29+08:00,hybrid,medium,1600,800,20,1,2,16,32,0,1,13.0975,-2.695497e-14,-5.822453e-05,true,/work/u6940591/miniWeather-bench/logs/runs/hybrid_medium_n1_r2_t16_g0_rep1.out
2026-05-31T20:49:43+08:00,hybrid,medium,1600,800,20,1,2,16,32,0,2,13.0135,-2.675964e-14,-5.822453e-05,true,/work/u6940591/miniWeather-bench/logs/runs/hybrid_medium_n1_r2_t16_g0_rep2.out
2026-05-31T20:49:58+08:00,hybrid,medium,1600,800,20,1,2,16,32,0,3,13.1432,-2.695497e-14,-5.822453e-05,true,/work/u6940591/miniWeather-bench/logs/runs/hybrid_medium_n1_r2_t16_g0_rep3.out
2026-05-31T20:50:12+08:00,hybrid,medium,1600,800,20,1,4,8,32,0,1,12.7343,-5.469124e-15,-5.822453e-05,true,/work/u6940591/miniWeather-bench/logs/runs/hybrid_medium_n1_r4_t8_g0_rep1.out
2026-05-31T20:50:27+08:00,hybrid,medium,1600,800,20,1,4,8,32,0,2,12.7535,-5.469124e-15,-5.822453e-05,true,/work/u6940591/miniWeather-bench/logs/runs/hybrid_medium_n1_r4_t8_g0_rep2.out
2026-05-31T20:50:41+08:00,hybrid,medium,1600,800,20,1,4,8,32,0,3,12.7377,-5.469124e-15,-5.822453e-05,true,/work/u6940591/miniWeather-bench/logs/runs/hybrid_medium_n1_r4_t8_g0_rep3.out
2026-05-31T20:50:55+08:00,hybrid,medium,1600,800,20,1,8,4,32,0,1,12.4317,-1.367281e-15,-5.822453e-05,true,/work/u6940591/miniWeather-bench/logs/runs/hybrid_medium_n1_r8_t4_g0_rep1.out
2026-05-31T20:51:10+08:00,hybrid,medium,1600,800,20,1,8,4,32,0,2,12.5058,-1.367281e-15,-5.822453e-05,true,/work/u6940591/miniWeather-bench/logs/runs/hybrid_medium_n1_r8_t4_g0_rep2.out
2026-05-31T20:51:24+08:00,hybrid,medium,1600,800,20,1,8,4,32,0,3,12.4259,-1.367281e-15,-5.822453e-05,true,/work/u6940591/miniWeather-bench/logs/runs/hybrid_medium_n1_r8_t4_g0_rep3.out
2026-05-31T20:51:38+08:00,hybrid,medium,1600,800,20,1,16,2,32,0,1,12.0876,1.855595e-14,-5.822453e-05,true,/work/u6940591/miniWeather-bench/logs/runs/hybrid_medium_n1_r16_t2_g0_rep1.out
2026-05-31T20:51:57+08:00,hybrid,medium,1600,800,20,1,16,2,32,0,2,12.3009,1.855595e-14,-5.822453e-05,true,/work/u6940591/miniWeather-bench/logs/runs/hybrid_medium_n1_r16_t2_g0_rep2.out
2026-05-31T20:52:14+08:00,hybrid,medium,1600,800,20,1,16,2,32,0,3,12.0695,1.855595e-14,-5.822453e-05,true,/work/u6940591/miniWeather-bench/logs/runs/hybrid_medium_n1_r16_t2_g0_rep3.out
2026-05-31T21:03:47+08:00,serial,hard,2000,1000,20,1,1,1,1,0,1,623.309,-2.539236e-14,-5.822438e-05,true,/work/u6940591/miniWeather-bench/logs/runs/serial_hard_n1_r1_t1_g0_rep1.out
2026-05-31T21:14:14+08:00,serial,hard,2000,1000,20,1,1,1,1,0,2,623.313,-2.539236e-14,-5.822438e-05,true,/work/u6940591/miniWeather-bench/logs/runs/serial_hard_n1_r1_t1_g0_rep2.out
2026-05-31T21:24:43+08:00,serial,hard,2000,1000,20,1,1,1,1,0,3,625.539,-2.539236e-14,-5.822438e-05,true,/work/u6940591/miniWeather-bench/logs/runs/serial_hard_n1_r1_t1_g0_rep3.out
2026-05-31T21:31:05+08:00,openmp,hard,2000,1000,20,1,1,2,2,0,1,335.467,9.904973e-13,-5.822438e-05,true,/work/u6940591/miniWeather-bench/logs/runs/openmp_hard_n1_r1_t2_g0_rep1.out
2026-05-31T21:36:43+08:00,openmp,hard,2000,1000,20,1,1,2,2,0,2,335.856,9.904973e-13,-5.822438e-05,true,/work/u6940591/miniWeather-bench/logs/runs/openmp_hard_n1_r1_t2_g0_rep2.out
2026-05-31T21:42:21+08:00,openmp,hard,2000,1000,20,1,1,2,2,0,3,335.4,9.904973e-13,-5.822438e-05,true,/work/u6940591/miniWeather-bench/logs/runs/openmp_hard_n1_r1_t2_g0_rep3.out
2026-05-31T21:45:15+08:00,openmp,hard,2000,1000,20,1,1,4,4,0,1,171.438,-2.818552e-13,-5.822438e-05,true,/work/u6940591/miniWeather-bench/logs/runs/openmp_hard_n1_r1_t4_g0_rep1.out
2026-05-31T21:48:11+08:00,openmp,hard,2000,1000,20,1,1,4,4,0,2,171.003,-2.818552e-13,-5.822438e-05,true,/work/u6940591/miniWeather-bench/logs/runs/openmp_hard_n1_r1_t4_g0_rep2.out
2026-05-31T21:51:04+08:00,openmp,hard,2000,1000,20,1,1,4,4,0,3,171.479,-2.818552e-13,-5.822438e-05,true,/work/u6940591/miniWeather-bench/logs/runs/openmp_hard_n1_r1_t4_g0_rep3.out
2026-05-31T21:52:36+08:00,openmp,hard,2000,1000,20,1,1,8,8,0,1,89.5152,-2.033342e-13,-5.822438e-05,true,/work/u6940591/miniWeather-bench/logs/runs/openmp_hard_n1_r1_t8_g0_rep1.out
2026-05-31T21:54:07+08:00,openmp,hard,2000,1000,20,1,1,8,8,0,2,89.4401,-2.033342e-13,-5.822438e-05,true,/work/u6940591/miniWeather-bench/logs/runs/openmp_hard_n1_r1_t8_g0_rep2.out
2026-05-31T21:55:38+08:00,openmp,hard,2000,1000,20,1,1,8,8,0,3,89.4357,-2.033342e-13,-5.822438e-05,true,/work/u6940591/miniWeather-bench/logs/runs/openmp_hard_n1_r1_t8_g0_rep3.out
2026-05-31T21:56:32+08:00,openmp,hard,2000,1000,20,1,1,16,16,0,1,51.835,5.781645e-14,-5.822438e-05,true,/work/u6940591/miniWeather-bench/logs/runs/openmp_hard_n1_r1_t16_g0_rep1.out
2026-05-31T21:57:25+08:00,openmp,hard,2000,1000,20,1,1,16,16,0,2,51.9568,5.781645e-14,-5.822438e-05,true,/work/u6940591/miniWeather-bench/logs/runs/openmp_hard_n1_r1_t16_g0_rep2.out
2026-05-31T21:58:28+08:00,openmp,hard,2000,1000,20,1,1,16,16,0,3,51.7499,5.820710e-14,-5.822438e-05,true,/work/u6940591/miniWeather-bench/logs/runs/openmp_hard_n1_r1_t16_g0_rep3.out
2026-05-31T21:58:57+08:00,openmp,hard,2000,1000,20,1,1,32,32,0,1,28.3903,3.906517e-16,-5.822438e-05,true,/work/u6940591/miniWeather-bench/logs/runs/openmp_hard_n1_r1_t32_g0_rep1.out
2026-05-31T21:59:27+08:00,openmp,hard,2000,1000,20,1,1,32,32,0,2,28.2722,3.906517e-16,-5.822438e-05,true,/work/u6940591/miniWeather-bench/logs/runs/openmp_hard_n1_r1_t32_g0_rep2.out
2026-05-31T21:59:58+08:00,openmp,hard,2000,1000,20,1,1,32,32,0,3,28.708,1.953258e-16,-5.822438e-05,true,/work/u6940591/miniWeather-bench/logs/runs/openmp_hard_n1_r1_t32_g0_rep3.out
2026-05-31T22:05:47+08:00,mpi,hard,2000,1000,20,1,2,1,2,0,1,309.616,-2.863477e-13,-5.822438e-05,true,/work/u6940591/miniWeather-bench/logs/runs/mpi_hard_n1_r2_t1_g0_rep1.out
2026-05-31T22:10:59+08:00,mpi,hard,2000,1000,20,1,2,1,2,0,2,309.549,-2.863477e-13,-5.822438e-05,true,/work/u6940591/miniWeather-bench/logs/runs/mpi_hard_n1_r2_t1_g0_rep2.out
2026-05-31T22:16:12+08:00,mpi,hard,2000,1000,20,1,2,1,2,0,3,309.658,-2.863477e-13,-5.822438e-05,true,/work/u6940591/miniWeather-bench/logs/runs/mpi_hard_n1_r2_t1_g0_rep3.out
2026-05-31T22:18:53+08:00,mpi,hard,2000,1000,20,1,4,1,4,0,1,156.598,3.845966e-13,-5.822438e-05,true,/work/u6940591/miniWeather-bench/logs/runs/mpi_hard_n1_r4_t1_g0_rep1.out
2026-05-31T22:21:32+08:00,mpi,hard,2000,1000,20,1,4,1,4,0,2,156.742,3.845966e-13,-5.822438e-05,true,/work/u6940591/miniWeather-bench/logs/runs/mpi_hard_n1_r4_t1_g0_rep2.out
2026-05-31T22:24:11+08:00,mpi,hard,2000,1000,20,1,4,1,4,0,3,156.637,3.845966e-13,-5.822438e-05,true,/work/u6940591/miniWeather-bench/logs/runs/mpi_hard_n1_r4_t1_g0_rep3.out
2026-05-31T22:25:33+08:00,mpi,hard,2000,1000,20,1,8,1,8,0,1,79.686,-1.107497e-13,-5.822438e-05,true,/work/u6940591/miniWeather-bench/logs/runs/mpi_hard_n1_r8_t1_g0_rep1.out
2026-05-31T22:26:55+08:00,mpi,hard,2000,1000,20,1,8,1,8,0,2,79.7169,-1.107497e-13,-5.822438e-05,true,/work/u6940591/miniWeather-bench/logs/runs/mpi_hard_n1_r8_t1_g0_rep2.out
2026-05-31T22:28:16+08:00,mpi,hard,2000,1000,20,1,8,1,8,0,3,79.6613,-1.107497e-13,-5.822438e-05,true,/work/u6940591/miniWeather-bench/logs/runs/mpi_hard_n1_r8_t1_g0_rep3.out
2026-05-31T22:29:00+08:00,mpi,hard,2000,1000,20,1,16,1,16,0,1,41.4462,4.785483e-14,-5.822438e-05,true,/work/u6940591/miniWeather-bench/logs/runs/mpi_hard_n1_r16_t1_g0_rep1.out
2026-05-31T22:29:45+08:00,mpi,hard,2000,1000,20,1,16,1,16,0,2,41.516,4.785483e-14,-5.822438e-05,true,/work/u6940591/miniWeather-bench/logs/runs/mpi_hard_n1_r16_t1_g0_rep2.out
2026-05-31T22:30:29+08:00,mpi,hard,2000,1000,20,1,16,1,16,0,3,41.4779,4.785483e-14,-5.822438e-05,true,/work/u6940591/miniWeather-bench/logs/runs/mpi_hard_n1_r16_t1_g0_rep3.out
2026-05-31T22:30:55+08:00,mpi,hard,2000,1000,20,1,32,1,32,0,1,22.5838,-4.961276e-14,-5.822438e-05,true,/work/u6940591/miniWeather-bench/logs/runs/mpi_hard_n1_r32_t1_g0_rep1.out
2026-05-31T22:31:21+08:00,mpi,hard,2000,1000,20,1,32,1,32,0,2,22.4958,-4.961276e-14,-5.822438e-05,true,/work/u6940591/miniWeather-bench/logs/runs/mpi_hard_n1_r32_t1_g0_rep2.out
2026-05-31T22:31:47+08:00,mpi,hard,2000,1000,20,1,32,1,32,0,3,22.3567,-4.961276e-14,-5.822438e-05,true,/work/u6940591/miniWeather-bench/logs/runs/mpi_hard_n1_r32_t1_g0_rep3.out
2026-05-31T22:33:10+08:00,hybrid,hard,2000,1000,20,1,2,16,32,0,1,26.5991,-2.265780e-14,-5.822438e-05,true,/work/u6940591/miniWeather-bench/logs/runs/hybrid_hard_n1_r2_t16_g0_rep1.out
2026-05-31T22:33:38+08:00,hybrid,hard,2000,1000,20,1,2,16,32,0,2,26.3551,-2.265780e-14,-5.822438e-05,true,/work/u6940591/miniWeather-bench/logs/runs/hybrid_hard_n1_r2_t16_g0_rep2.out
2026-05-31T22:34:06+08:00,hybrid,hard,2000,1000,20,1,2,16,32,0,3,26.341,-2.265780e-14,-5.822438e-05,true,/work/u6940591/miniWeather-bench/logs/runs/hybrid_hard_n1_r2_t16_g0_rep3.out
2026-05-31T22:34:33+08:00,hybrid,hard,2000,1000,20,1,4,8,32,0,1,26.0028,5.137070e-14,-5.822438e-05,true,/work/u6940591/miniWeather-bench/logs/runs/hybrid_hard_n1_r4_t8_g0_rep1.out
2026-05-31T22:35:01+08:00,hybrid,hard,2000,1000,20,1,4,8,32,0,2,25.6209,5.137070e-14,-5.822438e-05,true,/work/u6940591/miniWeather-bench/logs/runs/hybrid_hard_n1_r4_t8_g0_rep2.out
2026-05-31T22:35:30+08:00,hybrid,hard,2000,1000,20,1,4,8,32,0,3,25.5902,5.137070e-14,-5.822438e-05,true,/work/u6940591/miniWeather-bench/logs/runs/hybrid_hard_n1_r4_t8_g0_rep3.out
2026-05-31T22:36:07+08:00,hybrid,hard,2000,1000,20,1,8,4,32,0,1,25.0344,-5.117537e-14,-5.822438e-05,true,/work/u6940591/miniWeather-bench/logs/runs/hybrid_hard_n1_r8_t4_g0_rep1.out
2026-05-31T22:36:34+08:00,hybrid,hard,2000,1000,20,1,8,4,32,0,2,25.1225,-5.117537e-14,-5.822438e-05,true,/work/u6940591/miniWeather-bench/logs/runs/hybrid_hard_n1_r8_t4_g0_rep2.out
2026-05-31T22:37:00+08:00,hybrid,hard,2000,1000,20,1,8,4,32,0,3,24.8621,-5.117537e-14,-5.822438e-05,true,/work/u6940591/miniWeather-bench/logs/runs/hybrid_hard_n1_r8_t4_g0_rep3.out
2026-05-31T22:37:27+08:00,hybrid,hard,2000,1000,20,1,16,2,32,0,1,24.327,-1.836063e-14,-5.822438e-05,true,/work/u6940591/miniWeather-bench/logs/runs/hybrid_hard_n1_r16_t2_g0_rep1.out
2026-05-31T22:37:54+08:00,hybrid,hard,2000,1000,20,1,16,2,32,0,2,24.2574,-1.836063e-14,-5.822438e-05,true,/work/u6940591/miniWeather-bench/logs/runs/hybrid_hard_n1_r16_t2_g0_rep2.out
2026-05-31T22:38:20+08:00,hybrid,hard,2000,1000,20,1,16,2,32,0,3,24.1525,-1.836063e-14,-5.822438e-05,true,/work/u6940591/miniWeather-bench/logs/runs/hybrid_hard_n1_r16_t2_g0_rep3.out
2026-05-31T22:38:52+08:00,mpi_2node,easy,1000,500,20,2,32,1,32,0,1,2.66781,2.578301e-14,-5.822498e-05,true,/work/u6940591/miniWeather-bench/logs/runs/mpi_2node_easy_n2_r32_t1_g0_rep1.out
2026-05-31T22:38:57+08:00,mpi_2node,easy,1000,500,20,2,32,1,32,0,2,2.62567,2.578301e-14,-5.822498e-05,true,/work/u6940591/miniWeather-bench/logs/runs/mpi_2node_easy_n2_r32_t1_g0_rep2.out
2026-05-31T22:39:02+08:00,mpi_2node,easy,1000,500,20,2,32,1,32,0,3,2.62615,2.578301e-14,-5.822498e-05,true,/work/u6940591/miniWeather-bench/logs/runs/mpi_2node_easy_n2_r32_t1_g0_rep3.out
2026-05-31T22:39:06+08:00,mpi_2node,easy,1000,500,20,2,64,1,64,0,1,1.43723,-7.813034e-15,-5.822498e-05,true,/work/u6940591/miniWeather-bench/logs/runs/mpi_2node_easy_n2_r64_t1_g0_rep1.out
2026-05-31T22:39:11+08:00,mpi_2node,easy,1000,500,20,2,64,1,64,0,2,1.43153,-7.813034e-15,-5.822498e-05,true,/work/u6940591/miniWeather-bench/logs/runs/mpi_2node_easy_n2_r64_t1_g0_rep2.out
2026-05-31T22:39:19+08:00,mpi_2node,easy,1000,500,20,2,64,1,64,0,3,1.42452,-7.813034e-15,-5.822498e-05,true,/work/u6940591/miniWeather-bench/logs/runs/mpi_2node_easy_n2_r64_t1_g0_rep3.out
2026-05-31T22:40:09+08:00,mpi_2node,medium,1600,800,20,2,32,1,32,0,1,10.6149,-1.289151e-14,-5.822453e-05,true,/work/u6940591/miniWeather-bench/logs/runs/mpi_2node_medium_n2_r32_t1_g0_rep1.out
2026-05-31T22:40:26+08:00,mpi_2node,medium,1600,800,20,2,32,1,32,0,2,10.6132,-1.289151e-14,-5.822453e-05,true,/work/u6940591/miniWeather-bench/logs/runs/mpi_2node_medium_n2_r32_t1_g0_rep2.out
2026-05-31T22:40:40+08:00,mpi_2node,medium,1600,800,20,2,32,1,32,0,3,10.588,-1.289151e-14,-5.822453e-05,true,/work/u6940591/miniWeather-bench/logs/runs/mpi_2node_medium_n2_r32_t1_g0_rep3.out
2026-05-31T22:40:49+08:00,mpi_2node,medium,1600,800,20,2,64,1,64,0,1,5.63494,2.324377e-14,-5.822453e-05,true,/work/u6940591/miniWeather-bench/logs/runs/mpi_2node_medium_n2_r64_t1_g0_rep1.out
2026-05-31T22:40:57+08:00,mpi_2node,medium,1600,800,20,2,64,1,64,0,2,5.58108,2.324377e-14,-5.822453e-05,true,/work/u6940591/miniWeather-bench/logs/runs/mpi_2node_medium_n2_r64_t1_g0_rep2.out
2026-05-31T22:41:07+08:00,mpi_2node,medium,1600,800,20,2,64,1,64,0,3,5.5733,2.324377e-14,-5.822453e-05,true,/work/u6940591/miniWeather-bench/logs/runs/mpi_2node_medium_n2_r64_t1_g0_rep3.out
2026-05-31T22:42:13+08:00,hybrid_2node,medium,1600,800,20,2,8,8,64,0,1,6.60294,3.906517e-15,-5.822453e-05,true,/work/u6940591/miniWeather-bench/logs/runs/hybrid_2node_medium_n2_r8_t8_g0_rep1.out
2026-05-31T22:42:21+08:00,hybrid_2node,medium,1600,800,20,2,8,8,64,0,2,6.59719,3.906517e-15,-5.822453e-05,true,/work/u6940591/miniWeather-bench/logs/runs/hybrid_2node_medium_n2_r8_t8_g0_rep2.out
2026-05-31T22:42:29+08:00,hybrid_2node,medium,1600,800,20,2,8,8,64,0,3,6.58306,3.711191e-15,-5.822453e-05,true,/work/u6940591/miniWeather-bench/logs/runs/hybrid_2node_medium_n2_r8_t8_g0_rep3.out
2026-05-31T22:42:38+08:00,hybrid_2node,medium,1600,800,20,2,16,4,64,0,1,6.39459,7.031730e-15,-5.822453e-05,true,/work/u6940591/miniWeather-bench/logs/runs/hybrid_2node_medium_n2_r16_t4_g0_rep1.out
2026-05-31T22:42:46+08:00,hybrid_2node,medium,1600,800,20,2,16,4,64,0,2,6.29644,7.031730e-15,-5.822453e-05,true,/work/u6940591/miniWeather-bench/logs/runs/hybrid_2node_medium_n2_r16_t4_g0_rep2.out
2026-05-31T22:42:54+08:00,hybrid_2node,medium,1600,800,20,2,16,4,64,0,3,6.32867,7.031730e-15,-5.822453e-05,true,/work/u6940591/miniWeather-bench/logs/runs/hybrid_2node_medium_n2_r16_t4_g0_rep3.out
2026-05-31T22:43:10+08:00,hybrid_2node,medium,1600,800,20,2,32,2,64,0,1,6.10218,-2.617366e-14,-5.822453e-05,true,/work/u6940591/miniWeather-bench/logs/runs/hybrid_2node_medium_n2_r32_t2_g0_rep1.out
2026-05-31T22:43:19+08:00,hybrid_2node,medium,1600,800,20,2,32,2,64,0,2,6.1035,-2.617366e-14,-5.822453e-05,true,/work/u6940591/miniWeather-bench/logs/runs/hybrid_2node_medium_n2_r32_t2_g0_rep2.out
2026-05-31T22:43:27+08:00,hybrid_2node,medium,1600,800,20,2,32,2,64,0,3,6.20397,-2.617366e-14,-5.822453e-05,true,/work/u6940591/miniWeather-bench/logs/runs/hybrid_2node_medium_n2_r32_t2_g0_rep3.out
2026-05-31T22:44:42+08:00,mpi_2node,hard,2000,1000,20,2,32,1,32,0,1,20.9278,-4.961276e-14,-5.822438e-05,true,/work/u6940591/miniWeather-bench/logs/runs/mpi_2node_hard_n2_r32_t1_g0_rep1.out
2026-05-31T22:45:06+08:00,mpi_2node,hard,2000,1000,20,2,32,1,32,0,2,20.8827,-4.961276e-14,-5.822438e-05,true,/work/u6940591/miniWeather-bench/logs/runs/mpi_2node_hard_n2_r32_t1_g0_rep2.out
2026-05-31T22:45:29+08:00,mpi_2node,hard,2000,1000,20,2,32,1,32,0,3,20.8898,-4.961276e-14,-5.822438e-05,true,/work/u6940591/miniWeather-bench/logs/runs/mpi_2node_hard_n2_r32_t1_g0_rep3.out
2026-05-31T22:45:44+08:00,mpi_2node,hard,2000,1000,20,2,64,1,64,0,1,11.1772,2.734562e-15,-5.822438e-05,true,/work/u6940591/miniWeather-bench/logs/runs/mpi_2node_hard_n2_r64_t1_g0_rep1.out
2026-05-31T22:45:58+08:00,mpi_2node,hard,2000,1000,20,2,64,1,64,0,2,11.2296,2.734562e-15,-5.822438e-05,true,/work/u6940591/miniWeather-bench/logs/runs/mpi_2node_hard_n2_r64_t1_g0_rep2.out
2026-05-31T22:46:15+08:00,mpi_2node,hard,2000,1000,20,2,64,1,64,0,3,11.2604,2.734562e-15,-5.822438e-05,true,/work/u6940591/miniWeather-bench/logs/runs/mpi_2node_hard_n2_r64_t1_g0_rep3.out
2026-05-31T22:46:36+08:00,hybrid_2node,hard,2000,1000,20,2,8,8,64,0,1,13.2671,-2.031389e-14,-5.822438e-05,true,/work/u6940591/miniWeather-bench/logs/runs/hybrid_2node_hard_n2_r8_t8_g0_rep1.out
2026-05-31T22:46:51+08:00,hybrid_2node,hard,2000,1000,20,2,8,8,64,0,2,13.3124,-2.031389e-14,-5.822438e-05,true,/work/u6940591/miniWeather-bench/logs/runs/hybrid_2node_hard_n2_r8_t8_g0_rep2.out
2026-05-31T22:47:06+08:00,hybrid_2node,hard,2000,1000,20,2,8,8,64,0,3,13.0688,-2.031389e-14,-5.822438e-05,true,/work/u6940591/miniWeather-bench/logs/runs/hybrid_2node_hard_n2_r8_t8_g0_rep3.out
2026-05-31T22:47:20+08:00,hybrid_2node,hard,2000,1000,20,2,16,4,64,0,1,12.4853,3.281474e-14,-5.822438e-05,true,/work/u6940591/miniWeather-bench/logs/runs/hybrid_2node_hard_n2_r16_t4_g0_rep1.out
2026-05-31T22:47:35+08:00,hybrid_2node,hard,2000,1000,20,2,16,4,64,0,2,12.3656,3.281474e-14,-5.822438e-05,true,/work/u6940591/miniWeather-bench/logs/runs/hybrid_2node_hard_n2_r16_t4_g0_rep2.out
2026-05-31T22:47:49+08:00,hybrid_2node,hard,2000,1000,20,2,16,4,64,0,3,12.4506,3.281474e-14,-5.822438e-05,true,/work/u6940591/miniWeather-bench/logs/runs/hybrid_2node_hard_n2_r16_t4_g0_rep3.out
2026-05-31T22:48:04+08:00,hybrid_2node,hard,2000,1000,20,2,32,2,64,0,1,12.1946,7.617708e-15,-5.822438e-05,true,/work/u6940591/miniWeather-bench/logs/runs/hybrid_2node_hard_n2_r32_t2_g0_rep1.out
2026-05-31T22:48:19+08:00,hybrid_2node,hard,2000,1000,20,2,32,2,64,0,2,12.225,7.617708e-15,-5.822438e-05,true,/work/u6940591/miniWeather-bench/logs/runs/hybrid_2node_hard_n2_r32_t2_g0_rep2.out
2026-05-31T22:48:34+08:00,hybrid_2node,hard,2000,1000,20,2,32,2,64,0,3,12.7567,7.617708e-15,-5.822438e-05,true,/work/u6940591/miniWeather-bench/logs/runs/hybrid_2node_hard_n2_r32_t2_g0_rep3.out
2026-05-31T22:49:32+08:00,openmp45,easy,1000,500,20,1,1,1,1,1,1,0.40623,-6.250427e-15,-5.822498e-05,true,/work/u6940591/miniWeather-bench/logs/runs/openmp45_easy_n1_r1_t1_g1_rep1.out
2026-05-31T22:49:34+08:00,openmp45,easy,1000,500,20,1,1,1,1,1,2,0.405427,-6.445753e-15,-5.822498e-05,true,/work/u6940591/miniWeather-bench/logs/runs/openmp45_easy_n1_r1_t1_g1_rep2.out
2026-05-31T22:49:36+08:00,openmp45,easy,1000,500,20,1,1,1,1,1,3,0.406021,-5.664450e-15,-5.822498e-05,true,/work/u6940591/miniWeather-bench/logs/runs/openmp45_easy_n1_r1_t1_g1_rep3.out
2026-05-31T22:49:42+08:00,openmp45,easy,1000,500,20,1,2,1,2,2,1,1.55875,-1.171955e-15,-5.822498e-05,true,/work/u6940591/miniWeather-bench/logs/runs/openmp45_easy_n1_r2_t1_g2_rep1.out
2026-05-31T22:49:47+08:00,openmp45,easy,1000,500,20,1,2,1,2,2,2,1.58303,1.953259e-16,-5.822498e-05,true,/work/u6940591/miniWeather-bench/logs/runs/openmp45_easy_n1_r2_t1_g2_rep2.out
2026-05-31T22:49:52+08:00,openmp45,easy,1000,500,20,1,2,1,2,2,3,1.55308,-5.859776e-16,-5.822498e-05,true,/work/u6940591/miniWeather-bench/logs/runs/openmp45_easy_n1_r2_t1_g2_rep3.out
2026-05-31T22:49:59+08:00,openmp45,easy,1000,500,20,1,4,1,4,4,1,1.86134,3.906517e-16,-5.822498e-05,true,/work/u6940591/miniWeather-bench/logs/runs/openmp45_easy_n1_r4_t1_g4_rep1.out
2026-05-31T22:50:05+08:00,openmp45,easy,1000,500,20,1,4,1,4,4,2,1.87229,0.000000e+00,-5.822498e-05,true,/work/u6940591/miniWeather-bench/logs/runs/openmp45_easy_n1_r4_t1_g4_rep2.out
2026-05-31T22:50:12+08:00,openmp45,easy,1000,500,20,1,4,1,4,4,3,1.85697,0.000000e+00,-5.822498e-05,true,/work/u6940591/miniWeather-bench/logs/runs/openmp45_easy_n1_r4_t1_g4_rep3.out
2026-05-31T22:50:21+08:00,openmp45,easy,1000,500,20,1,8,1,8,8,1,2.5107,0.000000e+00,-5.822498e-05,true,/work/u6940591/miniWeather-bench/logs/runs/openmp45_easy_n1_r8_t1_g8_rep1.out
2026-05-31T22:50:31+08:00,openmp45,easy,1000,500,20,1,8,1,8,8,2,2.49947,-3.906517e-16,-5.822498e-05,true,/work/u6940591/miniWeather-bench/logs/runs/openmp45_easy_n1_r8_t1_g8_rep2.out
2026-05-31T22:50:40+08:00,openmp45,easy,1000,500,20,1,8,1,8,8,3,2.49753,-1.953259e-16,-5.822498e-05,true,/work/u6940591/miniWeather-bench/logs/runs/openmp45_easy_n1_r8_t1_g8_rep3.out
2026-05-31T22:51:37+08:00,openacc,easy,1000,500,20,1,1,1,1,1,1,0.368394,0.000000e+00,-5.822498e-05,true,/work/u6940591/miniWeather-bench/logs/runs/openacc_easy_n1_r1_t1_g1_rep1.out
2026-05-31T22:51:39+08:00,openacc,easy,1000,500,20,1,1,1,1,1,2,0.369311,0.000000e+00,-5.822498e-05,true,/work/u6940591/miniWeather-bench/logs/runs/openacc_easy_n1_r1_t1_g1_rep2.out
2026-05-31T22:51:41+08:00,openacc,easy,1000,500,20,1,1,1,1,1,3,0.368592,0.000000e+00,-5.822498e-05,true,/work/u6940591/miniWeather-bench/logs/runs/openacc_easy_n1_r1_t1_g1_rep3.out
2026-05-31T22:51:45+08:00,openacc,easy,1000,500,20,1,2,1,2,2,1,0.675644,0.000000e+00,-5.822498e-05,true,/work/u6940591/miniWeather-bench/logs/runs/openacc_easy_n1_r2_t1_g2_rep1.out
2026-05-31T22:51:49+08:00,openacc,easy,1000,500,20,1,2,1,2,2,2,0.672723,0.000000e+00,-5.822498e-05,true,/work/u6940591/miniWeather-bench/logs/runs/openacc_easy_n1_r2_t1_g2_rep2.out
2026-05-31T22:51:53+08:00,openacc,easy,1000,500,20,1,2,1,2,2,3,0.67103,0.000000e+00,-5.822498e-05,true,/work/u6940591/miniWeather-bench/logs/runs/openacc_easy_n1_r2_t1_g2_rep3.out
2026-05-31T22:51:57+08:00,openacc,easy,1000,500,20,1,4,1,4,4,1,0.844642,1.953259e-16,-5.822498e-05,true,/work/u6940591/miniWeather-bench/logs/runs/openacc_easy_n1_r4_t1_g4_rep1.out
2026-05-31T22:52:02+08:00,openacc,easy,1000,500,20,1,4,1,4,4,2,0.844441,1.953259e-16,-5.822498e-05,true,/work/u6940591/miniWeather-bench/logs/runs/openacc_easy_n1_r4_t1_g4_rep2.out
2026-05-31T22:52:08+08:00,openacc,easy,1000,500,20,1,4,1,4,4,3,0.843817,1.953259e-16,-5.822498e-05,true,/work/u6940591/miniWeather-bench/logs/runs/openacc_easy_n1_r4_t1_g4_rep3.out
2026-05-31T22:52:14+08:00,openacc,easy,1000,500,20,1,8,1,8,8,1,1.2706,0.000000e+00,-5.822498e-05,true,/work/u6940591/miniWeather-bench/logs/runs/openacc_easy_n1_r8_t1_g8_rep1.out
2026-05-31T22:52:20+08:00,openacc,easy,1000,500,20,1,8,1,8,8,2,1.28173,0.000000e+00,-5.822498e-05,true,/work/u6940591/miniWeather-bench/logs/runs/openacc_easy_n1_r8_t1_g8_rep2.out
2026-05-31T22:52:26+08:00,openacc,easy,1000,500,20,1,8,1,8,8,3,1.26738,0.000000e+00,-5.822498e-05,true,/work/u6940591/miniWeather-bench/logs/runs/openacc_easy_n1_r8_t1_g8_rep3.out
2026-05-31T22:52:47+08:00,openmp45,medium,1600,800,20,1,1,1,1,1,1,1.52669,-1.582139e-14,-5.822453e-05,true,/work/u6940591/miniWeather-bench/logs/runs/openmp45_medium_n1_r1_t1_g1_rep1.out
2026-05-31T22:52:50+08:00,openmp45,medium,1600,800,20,1,1,1,1,1,2,1.52844,-1.582139e-14,-5.822453e-05,true,/work/u6940591/miniWeather-bench/logs/runs/openmp45_medium_n1_r1_t1_g1_rep2.out
2026-05-31T22:52:54+08:00,openmp45,medium,1600,800,20,1,1,1,1,1,3,1.52822,-1.601672e-14,-5.822453e-05,true,/work/u6940591/miniWeather-bench/logs/runs/openmp45_medium_n1_r1_t1_g1_rep3.out
2026-05-31T22:53:00+08:00,openmp45,medium,1600,800,20,1,2,1,2,2,1,2.8716,-5.273798e-15,-5.822453e-05,true,/work/u6940591/miniWeather-bench/logs/runs/openmp45_medium_n1_r2_t1_g2_rep1.out
2026-05-31T22:53:07+08:00,openmp45,medium,1600,800,20,1,2,1,2,2,2,2.88784,-4.492494e-15,-5.822453e-05,true,/work/u6940591/miniWeather-bench/logs/runs/openmp45_medium_n1_r2_t1_g2_rep2.out
2026-05-31T22:53:13+08:00,openmp45,medium,1600,800,20,1,2,1,2,2,3,2.89461,-5.469124e-15,-5.822453e-05,true,/work/u6940591/miniWeather-bench/logs/runs/openmp45_medium_n1_r2_t1_g2_rep3.out
2026-05-31T22:53:21+08:00,openmp45,medium,1600,800,20,1,4,1,4,4,1,3.30553,-1.953258e-16,-5.822453e-05,true,/work/u6940591/miniWeather-bench/logs/runs/openmp45_medium_n1_r4_t1_g4_rep1.out
2026-05-31T22:53:29+08:00,openmp45,medium,1600,800,20,1,4,1,4,4,2,3.30446,0.000000e+00,-5.822453e-05,true,/work/u6940591/miniWeather-bench/logs/runs/openmp45_medium_n1_r4_t1_g4_rep2.out
2026-05-31T22:53:38+08:00,openmp45,medium,1600,800,20,1,4,1,4,4,3,3.29997,-1.953258e-16,-5.822453e-05,true,/work/u6940591/miniWeather-bench/logs/runs/openmp45_medium_n1_r4_t1_g4_rep3.out
2026-05-31T22:53:49+08:00,openmp45,medium,1600,800,20,1,8,1,8,8,1,4.32204,7.813034e-16,-5.822453e-05,true,/work/u6940591/miniWeather-bench/logs/runs/openmp45_medium_n1_r8_t1_g8_rep1.out
2026-05-31T22:54:00+08:00,openmp45,medium,1600,800,20,1,8,1,8,8,2,4.33492,7.813034e-16,-5.822453e-05,true,/work/u6940591/miniWeather-bench/logs/runs/openmp45_medium_n1_r8_t1_g8_rep2.out
2026-05-31T22:54:11+08:00,openmp45,medium,1600,800,20,1,8,1,8,8,3,4.32028,7.813034e-16,-5.822453e-05,true,/work/u6940591/miniWeather-bench/logs/runs/openmp45_medium_n1_r8_t1_g8_rep3.out
2026-05-31T22:54:52+08:00,openacc,medium,1600,800,20,1,1,1,1,1,1,1.40748,-1.953258e-16,-5.822453e-05,true,/work/u6940591/miniWeather-bench/logs/runs/openacc_medium_n1_r1_t1_g1_rep1.out
2026-05-31T22:54:55+08:00,openacc,medium,1600,800,20,1,1,1,1,1,2,1.40676,-1.953258e-16,-5.822453e-05,true,/work/u6940591/miniWeather-bench/logs/runs/openacc_medium_n1_r1_t1_g1_rep2.out
2026-05-31T22:54:58+08:00,openacc,medium,1600,800,20,1,1,1,1,1,3,1.40703,-1.953258e-16,-5.822453e-05,true,/work/u6940591/miniWeather-bench/logs/runs/openacc_medium_n1_r1_t1_g1_rep3.out
2026-05-31T22:55:03+08:00,openacc,medium,1600,800,20,1,2,1,2,2,1,1.91154,0.000000e+00,-5.822453e-05,true,/work/u6940591/miniWeather-bench/logs/runs/openacc_medium_n1_r2_t1_g2_rep1.out
2026-05-31T22:55:09+08:00,openacc,medium,1600,800,20,1,2,1,2,2,2,1.91403,0.000000e+00,-5.822453e-05,true,/work/u6940591/miniWeather-bench/logs/runs/openacc_medium_n1_r2_t1_g2_rep2.out
2026-05-31T22:55:14+08:00,openacc,medium,1600,800,20,1,2,1,2,2,3,1.91455,0.000000e+00,-5.822453e-05,true,/work/u6940591/miniWeather-bench/logs/runs/openacc_medium_n1_r2_t1_g2_rep3.out
2026-05-31T22:55:20+08:00,openacc,medium,1600,800,20,1,4,1,4,4,1,2.23923,0.000000e+00,-5.822453e-05,true,/work/u6940591/miniWeather-bench/logs/runs/openacc_medium_n1_r4_t1_g4_rep1.out
2026-05-31T22:55:26+08:00,openacc,medium,1600,800,20,1,4,1,4,4,2,2.23913,0.000000e+00,-5.822453e-05,true,/work/u6940591/miniWeather-bench/logs/runs/openacc_medium_n1_r4_t1_g4_rep2.out
2026-05-31T22:55:32+08:00,openacc,medium,1600,800,20,1,4,1,4,4,3,2.23065,0.000000e+00,-5.822453e-05,true,/work/u6940591/miniWeather-bench/logs/runs/openacc_medium_n1_r4_t1_g4_rep3.out
2026-05-31T22:55:40+08:00,openacc,medium,1600,800,20,1,8,1,8,8,1,3.03788,0.000000e+00,-5.822453e-05,true,/work/u6940591/miniWeather-bench/logs/runs/openacc_medium_n1_r8_t1_g8_rep1.out
2026-05-31T22:55:51+08:00,openacc,medium,1600,800,20,1,8,1,8,8,2,3.02412,0.000000e+00,-5.822453e-05,true,/work/u6940591/miniWeather-bench/logs/runs/openacc_medium_n1_r8_t1_g8_rep2.out
2026-05-31T22:55:59+08:00,openacc,medium,1600,800,20,1,8,1,8,8,3,3.02897,0.000000e+00,-5.822453e-05,true,/work/u6940591/miniWeather-bench/logs/runs/openacc_medium_n1_r8_t1_g8_rep3.out
2026-05-31T22:56:58+08:00,openmp45,hard,2000,1000,20,1,1,1,1,1,1,2.89105,0.000000e+00,-5.822438e-05,true,/work/u6940591/miniWeather-bench/logs/runs/openmp45_hard_n1_r1_t1_g1_rep1.out
2026-05-31T22:57:03+08:00,openmp45,hard,2000,1000,20,1,1,1,1,1,2,2.89198,1.171955e-15,-5.822438e-05,true,/work/u6940591/miniWeather-bench/logs/runs/openmp45_hard_n1_r1_t1_g1_rep2.out
2026-05-31T22:57:07+08:00,openmp45,hard,2000,1000,20,1,1,1,1,1,3,2.89174,5.859775e-16,-5.822438e-05,true,/work/u6940591/miniWeather-bench/logs/runs/openmp45_hard_n1_r1_t1_g1_rep3.out
2026-05-31T22:57:16+08:00,openmp45,hard,2000,1000,20,1,2,1,2,2,1,4.61692,0.000000e+00,-5.822438e-05,true,/work/u6940591/miniWeather-bench/logs/runs/openmp45_hard_n1_r2_t1_g2_rep1.out
2026-05-31T22:57:24+08:00,openmp45,hard,2000,1000,20,1,2,1,2,2,2,4.59715,7.813033e-16,-5.822438e-05,true,/work/u6940591/miniWeather-bench/logs/runs/openmp45_hard_n1_r2_t1_g2_rep2.out
2026-05-31T22:57:33+08:00,openmp45,hard,2000,1000,20,1,2,1,2,2,3,4.62399,7.813033e-16,-5.822438e-05,true,/work/u6940591/miniWeather-bench/logs/runs/openmp45_hard_n1_r2_t1_g2_rep3.out
2026-05-31T22:57:42+08:00,openmp45,hard,2000,1000,20,1,4,1,4,4,1,4.94013,1.953258e-16,-5.822438e-05,true,/work/u6940591/miniWeather-bench/logs/runs/openmp45_hard_n1_r4_t1_g4_rep1.out
2026-05-31T22:57:52+08:00,openmp45,hard,2000,1000,20,1,4,1,4,4,2,4.93692,1.953258e-16,-5.822438e-05,true,/work/u6940591/miniWeather-bench/logs/runs/openmp45_hard_n1_r4_t1_g4_rep2.out
2026-05-31T22:58:02+08:00,openmp45,hard,2000,1000,20,1,4,1,4,4,3,4.94953,7.813033e-16,-5.822438e-05,true,/work/u6940591/miniWeather-bench/logs/runs/openmp45_hard_n1_r4_t1_g4_rep3.out
2026-05-31T22:58:15+08:00,openmp45,hard,2000,1000,20,1,8,1,8,8,1,6.19315,1.171955e-15,-5.822438e-05,true,/work/u6940591/miniWeather-bench/logs/runs/openmp45_hard_n1_r8_t1_g8_rep1.out
2026-05-31T22:58:28+08:00,openmp45,hard,2000,1000,20,1,8,1,8,8,2,6.17269,1.171955e-15,-5.822438e-05,true,/work/u6940591/miniWeather-bench/logs/runs/openmp45_hard_n1_r8_t1_g8_rep2.out
2026-05-31T22:58:41+08:00,openmp45,hard,2000,1000,20,1,8,1,8,8,3,6.16015,1.171955e-15,-5.822438e-05,true,/work/u6940591/miniWeather-bench/logs/runs/openmp45_hard_n1_r8_t1_g8_rep3.out
2026-05-31T22:59:02+08:00,openacc,hard,2000,1000,20,1,1,1,1,1,1,2.68596,-1.953258e-16,-5.822438e-05,true,/work/u6940591/miniWeather-bench/logs/runs/openacc_hard_n1_r1_t1_g1_rep1.out
2026-05-31T22:59:06+08:00,openacc,hard,2000,1000,20,1,1,1,1,1,2,2.68537,-1.953258e-16,-5.822438e-05,true,/work/u6940591/miniWeather-bench/logs/runs/openacc_hard_n1_r1_t1_g1_rep2.out
2026-05-31T22:59:11+08:00,openacc,hard,2000,1000,20,1,1,1,1,1,3,2.6851,-1.953258e-16,-5.822438e-05,true,/work/u6940591/miniWeather-bench/logs/runs/openacc_hard_n1_r1_t1_g1_rep3.out
2026-05-31T22:59:18+08:00,openacc,hard,2000,1000,20,1,2,1,2,2,1,3.56405,0.000000e+00,-5.822438e-05,true,/work/u6940591/miniWeather-bench/logs/runs/openacc_hard_n1_r2_t1_g2_rep1.out
2026-05-31T22:59:25+08:00,openacc,hard,2000,1000,20,1,2,1,2,2,2,3.57507,0.000000e+00,-5.822438e-05,true,/work/u6940591/miniWeather-bench/logs/runs/openacc_hard_n1_r2_t1_g2_rep2.out
2026-05-31T22:59:32+08:00,openacc,hard,2000,1000,20,1,2,1,2,2,3,3.56403,0.000000e+00,-5.822438e-05,true,/work/u6940591/miniWeather-bench/logs/runs/openacc_hard_n1_r2_t1_g2_rep3.out
2026-05-31T22:59:40+08:00,openacc,hard,2000,1000,20,1,4,1,4,4,1,3.75271,0.000000e+00,-5.822438e-05,true,/work/u6940591/miniWeather-bench/logs/runs/openacc_hard_n1_r4_t1_g4_rep1.out
2026-05-31T22:59:48+08:00,openacc,hard,2000,1000,20,1,4,1,4,4,2,3.75582,0.000000e+00,-5.822438e-05,true,/work/u6940591/miniWeather-bench/logs/runs/openacc_hard_n1_r4_t1_g4_rep2.out
2026-05-31T23:00:02+08:00,openacc,hard,2000,1000,20,1,4,1,4,4,3,3.77841,0.000000e+00,-5.822438e-05,true,/work/u6940591/miniWeather-bench/logs/runs/openacc_hard_n1_r4_t1_g4_rep3.out
2026-05-31T23:00:12+08:00,openacc,hard,2000,1000,20,1,8,1,8,8,1,4.80637,0.000000e+00,-5.822438e-05,true,/work/u6940591/miniWeather-bench/logs/runs/openacc_hard_n1_r8_t1_g8_rep1.out
2026-05-31T23:00:22+08:00,openacc,hard,2000,1000,20,1,8,1,8,8,2,4.79899,0.000000e+00,-5.822438e-05,true,/work/u6940591/miniWeather-bench/logs/runs/openacc_hard_n1_r8_t1_g8_rep2.out
2026-05-31T23:00:32+08:00,openacc,hard,2000,1000,20,1,8,1,8,8,3,4.80872,0.000000e+00,-5.822438e-05,true,/work/u6940591/miniWeather-bench/logs/runs/openacc_hard_n1_r8_t1_g8_rep3.out
2026-05-31T23:01:10+08:00,openmp45_2node,medium,1600,800,20,2,8,1,8,8,1,2.46514,7.813034e-16,-5.822453e-05,true,/work/u6940591/miniWeather-bench/logs/runs/openmp45_2node_medium_n2_r8_t1_g8_rep1.out
2026-05-31T23:01:18+08:00,openmp45_2node,medium,1600,800,20,2,8,1,8,8,2,2.47014,9.766292e-16,-5.822453e-05,true,/work/u6940591/miniWeather-bench/logs/runs/openmp45_2node_medium_n2_r8_t1_g8_rep2.out
2026-05-31T23:01:25+08:00,openmp45_2node,medium,1600,800,20,2,8,1,8,8,3,2.40881,3.906517e-16,-5.822453e-05,true,/work/u6940591/miniWeather-bench/logs/runs/openmp45_2node_medium_n2_r8_t1_g8_rep3.out
2026-05-31T23:01:36+08:00,openmp45_2node,medium,1600,800,20,2,16,1,16,16,1,3.24095,7.813034e-16,-5.822453e-05,true,/work/u6940591/miniWeather-bench/logs/runs/openmp45_2node_medium_n2_r16_t1_g16_rep1.out
2026-05-31T23:01:46+08:00,openmp45_2node,medium,1600,800,20,2,16,1,16,16,2,3.23347,3.906517e-16,-5.822453e-05,true,/work/u6940591/miniWeather-bench/logs/runs/openmp45_2node_medium_n2_r16_t1_g16_rep2.out
2026-05-31T23:01:57+08:00,openmp45_2node,medium,1600,800,20,2,16,1,16,16,3,3.23633,5.859775e-16,-5.822453e-05,true,/work/u6940591/miniWeather-bench/logs/runs/openmp45_2node_medium_n2_r16_t1_g16_rep3.out
2026-05-31T23:02:13+08:00,openacc_2node,medium,1600,800,20,2,8,1,8,8,1,1.41554,0.000000e+00,-5.822453e-05,true,/work/u6940591/miniWeather-bench/logs/runs/openacc_2node_medium_n2_r8_t1_g8_rep1.out
2026-05-31T23:02:18+08:00,openacc_2node,medium,1600,800,20,2,8,1,8,8,2,1.3957,0.000000e+00,-5.822453e-05,true,/work/u6940591/miniWeather-bench/logs/runs/openacc_2node_medium_n2_r8_t1_g8_rep2.out
2026-05-31T23:02:24+08:00,openacc_2node,medium,1600,800,20,2,8,1,8,8,3,1.40538,0.000000e+00,-5.822453e-05,true,/work/u6940591/miniWeather-bench/logs/runs/openacc_2node_medium_n2_r8_t1_g8_rep3.out
2026-05-31T23:02:31+08:00,openacc_2node,medium,1600,800,20,2,16,1,16,16,1,1.94965,1.953258e-16,-5.822453e-05,true,/work/u6940591/miniWeather-bench/logs/runs/openacc_2node_medium_n2_r16_t1_g16_rep1.out
2026-05-31T23:02:39+08:00,openacc_2node,medium,1600,800,20,2,16,1,16,16,2,1.94676,1.953258e-16,-5.822453e-05,true,/work/u6940591/miniWeather-bench/logs/runs/openacc_2node_medium_n2_r16_t1_g16_rep2.out
2026-05-31T23:02:46+08:00,openacc_2node,medium,1600,800,20,2,16,1,16,16,3,1.95117,1.953258e-16,-5.822453e-05,true,/work/u6940591/miniWeather-bench/logs/runs/openacc_2node_medium_n2_r16_t1_g16_rep3.out
2026-05-31T23:03:25+08:00,openmp45_2node,hard,2000,1000,20,2,8,1,8,8,1,3.32546,1.171955e-15,-5.822438e-05,true,/work/u6940591/miniWeather-bench/logs/runs/openmp45_2node_hard_n2_r8_t1_g8_rep1.out
2026-05-31T23:03:33+08:00,openmp45_2node,hard,2000,1000,20,2,8,1,8,8,2,3.28078,1.171955e-15,-5.822438e-05,true,/work/u6940591/miniWeather-bench/logs/runs/openmp45_2node_hard_n2_r8_t1_g8_rep2.out
2026-05-31T23:03:41+08:00,openmp45_2node,hard,2000,1000,20,2,8,1,8,8,3,3.28218,7.813033e-16,-5.822438e-05,true,/work/u6940591/miniWeather-bench/logs/runs/openmp45_2node_hard_n2_r8_t1_g8_rep3.out
2026-05-31T23:03:53+08:00,openmp45_2node,hard,2000,1000,20,2,16,1,16,16,1,4.35352,9.766292e-16,-5.822438e-05,true,/work/u6940591/miniWeather-bench/logs/runs/openmp45_2node_hard_n2_r16_t1_g16_rep1.out
2026-05-31T23:04:05+08:00,openmp45_2node,hard,2000,1000,20,2,16,1,16,16,2,4.32659,1.171955e-15,-5.822438e-05,true,/work/u6940591/miniWeather-bench/logs/runs/openmp45_2node_hard_n2_r16_t1_g16_rep2.out
2026-05-31T23:04:16+08:00,openmp45_2node,hard,2000,1000,20,2,16,1,16,16,3,4.34705,9.766292e-16,-5.822438e-05,true,/work/u6940591/miniWeather-bench/logs/runs/openmp45_2node_hard_n2_r16_t1_g16_rep3.out
2026-05-31T23:05:32+08:00,openacc_2node,hard,2000,1000,20,2,8,1,8,8,1,2.26097,0.000000e+00,-5.822438e-05,true,/work/u6940591/miniWeather-bench/logs/runs/openacc_2node_hard_n2_r8_t1_g8_rep1.out
2026-05-31T23:05:38+08:00,openacc_2node,hard,2000,1000,20,2,8,1,8,8,2,2.25529,0.000000e+00,-5.822438e-05,true,/work/u6940591/miniWeather-bench/logs/runs/openacc_2node_hard_n2_r8_t1_g8_rep2.out
2026-05-31T23:05:44+08:00,openacc_2node,hard,2000,1000,20,2,8,1,8,8,3,2.24567,0.000000e+00,-5.822438e-05,true,/work/u6940591/miniWeather-bench/logs/runs/openacc_2node_hard_n2_r8_t1_g8_rep3.out
2026-05-31T23:05:53+08:00,openacc_2node,hard,2000,1000,20,2,16,1,16,16,1,3.02745,0.000000e+00,-5.822438e-05,true,/work/u6940591/miniWeather-bench/logs/runs/openacc_2node_hard_n2_r16_t1_g16_rep1.out
2026-05-31T23:06:02+08:00,openacc_2node,hard,2000,1000,20,2,16,1,16,16,2,3.04551,0.000000e+00,-5.822438e-05,true,/work/u6940591/miniWeather-bench/logs/runs/openacc_2node_hard_n2_r16_t1_g16_rep2.out
2026-05-31T23:06:10+08:00,openacc_2node,hard,2000,1000,20,2,16,1,16,16,3,3.02558,0.000000e+00,-5.822438e-05,true,/work/u6940591/miniWeather-bench/logs/runs/openacc_2node_hard_n2_r16_t1_g16_rep3.out
